[
  {
    "Id": "1240649",
    "ThreadId": "544057",
    "Html": "I need to trace the queries that are triggered on a remote database.\r<br />\nNow, there could be many clients connected to this database.\r<br />\nI want to see the queries that are triggered by me (my application) only.\r<br />\n<br />\nHow do i apply this filter?<br />\n",
    "PostedDate": "2014-05-02T07:06:25.43-07:00",
    "UserRole": null,
    "MarkedAsAnswerDate": null
  },
  {
    "Id": "1241553",
    "ThreadId": "544057",
    "Html": "There is no such filter at present time, sorry\r<br />\nI'll add it in next release or, alternatively, i can implement this filter and publish special build which you can use<br />\n",
    "PostedDate": "2014-05-05T07:25:02.253-07:00",
    "UserRole": null,
    "MarkedAsAnswerDate": null
  },
  {
    "Id": "1257406",
    "ThreadId": "544057",
    "Html": "For the time being, there's patch 15549. Implemented the filter for myself.<br />\n... or was it already released? What is workitem 1671 about?<br />\n",
    "PostedDate": "2014-06-18T04:43:25.63-07:00",
    "UserRole": null,
    "MarkedAsAnswerDate": null
  },
  {
    "Id": "1355632",
    "ThreadId": "544057",
    "Html": "<strong>anonymous35q wrote:</strong><br />\n<blockquote>\nFor the time being, there's patch 15549. Implemented the filter for myself.<br />\n... or was it already released? What is workitem 1671 about?<br />\n</blockquote>\nI just submitted patch 17268 that adds the hostname functionality (copy of your work, but can be applied to the latest revision 39675). 1671 does <strong>not</strong> add that functionality, despite what the checkin comment says.<br />\n",
    "PostedDate": "2015-02-25T07:16:02.913-08:00",
    "UserRole": null,
    "MarkedAsAnswerDate": null
  },
  {
    "Id": "1355640",
    "ThreadId": "544057",
    "Html": "Looks like i missed host name, sorry<br />\n",
    "PostedDate": "2015-02-25T07:27:19.3-08:00",
    "UserRole": null,
    "MarkedAsAnswerDate": null
  }
]