[
  {
    "Id": "1022231",
    "ThreadId": "438272",
    "Html": "If add filter support to this tool will be much better. \r<br />\n(such as , monitor a specific user only, or monitor a specific database only )\r<br />\nAnd I think it will not cost much time...<br />\n",
    "PostedDate": "2013-03-27T23:57:46.173-07:00",
    "UserRole": null,
    "MarkedAsAnswerDate": null
  },
  {
    "Id": "1022353",
    "ThreadId": "438272",
    "Html": "briefly - express profiler designed to be used with SQLExpress - usually single user and single production database, so filters are not needed\r<br />\nIt is not so hard to implement filters, but GUI will be overcomplicated\r<br />\n<br />\nBut this proposition is good point for future releases<br />\n",
    "PostedDate": "2013-03-28T05:29:17.117-07:00",
    "UserRole": null,
    "MarkedAsAnswerDate": null
  },
  {
    "Id": "1090428",
    "ThreadId": "438272",
    "Html": "It's fairly easy to add some filters. The duration box is a filter, so just follow the logic there.\r<br />\n<br />\nI added ApplicationName, TextData and LoginName filters (easy).\r<br />\nI also added ApplicationName as a column (harder).\r<br />\n<br />\nThe &quot;Like&quot; or &quot;NotLike&quot; comparison did not seem to work, it behaves like &quot;Equals&quot; or &quot;NotEquals&quot;.\r<br />\nBut I found that wrapping the text in % % when using these comparators solved the problem.\r<br />\n<br />\n<br />\nThis is one of the most useful programs I have ever found!<br />\n",
    "PostedDate": "2013-09-09T20:40:58.447-07:00",
    "UserRole": null,
    "MarkedAsAnswerDate": null
  },
  {
    "Id": "1090480",
    "ThreadId": "438272",
    "Html": "Some filters and columns added in v2.0<br />\n",
    "PostedDate": "2013-09-10T00:30:29.993-07:00",
    "UserRole": null,
    "MarkedAsAnswerDate": null
  }
]