[
  {
    "Id": "438272",
    "Title": "Don't you think it's very inconvenient without filters? ",
    "LatestDate": "2013-09-10T00:30:29.993-07:00"
  },
  {
    "Id": "453241",
    "Title": "Bug with single \\n in sql",
    "LatestDate": "2013-09-10T00:31:00.523-07:00"
  },
  {
    "Id": "455782",
    "Title": "Add a custom icon",
    "LatestDate": "2013-09-10T00:30:01.367-07:00"
  },
  {
    "Id": "456453",
    "Title": "Trace window is empty",
    "LatestDate": "2013-09-12T15:19:54.673-07:00"
  },
  {
    "Id": "456518",
    "Title": "How to trace LocalDB",
    "LatestDate": "2014-06-18T04:49:47.55-07:00"
  },
  {
    "Id": "457151",
    "Title": "System.TypeInitializationException: “System.Data.SqlClient.SqlConnectionFactory",
    "LatestDate": "2013-09-17T04:26:56.98-07:00"
  },
  {
    "Id": "478064",
    "Title": "How do I use filters",
    "LatestDate": "2013-12-27T05:34:33.257-08:00"
  },
  {
    "Id": "538943",
    "Title": "Can I have multiple values in a filter",
    "LatestDate": "2014-03-13T13:14:29.457-07:00"
  },
  {
    "Id": "539746",
    "Title": "Need modest improvements for human/business interaction mapping.",
    "LatestDate": "2014-03-21T09:42:12.067-07:00"
  },
  {
    "Id": "541495",
    "Title": "How do you tell which database the query is running against",
    "LatestDate": "2014-08-28T01:44:53.433-07:00"
  },
  {
    "Id": "544057",
    "Title": "Filter ExpressProfiler20 by hostname",
    "LatestDate": "2015-02-25T07:27:19.3-08:00"
  },
  {
    "Id": "569760",
    "Title": "Can we have a filter functionality?",
    "LatestDate": "2014-10-24T06:24:55.28-07:00"
  },
  {
    "Id": "575722",
    "Title": "Log History",
    "LatestDate": "2014-12-18T03:13:07.173-08:00"
  },
  {
    "Id": "626866",
    "Title": "how to trace transaction event",
    "LatestDate": "2015-04-13T18:20:42.833-07:00"
  },
  {
    "Id": "660490",
    "Title": "Attempted Download blocked by Chrome",
    "LatestDate": "2017-01-04T20:00:52.48-08:00"
  }
]