[
  {
    "Id": "1079970",
    "ThreadId": "453241",
    "Html": "&quot;exec('select\\n1')&quot; is captured as &quot;exec('select1')&quot;, where &quot;\\n&quot; disappears.<br />\n",
    "PostedDate": "2013-08-13T01:45:47.31-07:00",
    "UserRole": null,
    "MarkedAsAnswerDate": null
  },
  {
    "Id": "1090481",
    "ThreadId": "453241",
    "Html": "This discussion has been copied to a work item. Click <a href=\"https://expressprofiler.codeplex.com/workitem/1765\" rel=\"nofollow\">here</a> to go to the work item and continue the discussion.<br />\n",
    "PostedDate": "2013-09-10T00:31:00.523-07:00",
    "UserRole": null,
    "MarkedAsAnswerDate": null
  }
]