[
  {
    "Id": "1231378",
    "ThreadId": "541495",
    "Html": "I have several databases and my application can dynamically switch between databases depending on the user logged in.\r<br />\n<br />\nI see the queries coming in, but how do you tell which database it is running against (because they are all the same schema, but different data).\r<br />\n<br />\nIs there a way to tell it only to log queries against a specific database?<br />\n",
    "PostedDate": "2014-04-07T08:51:09.86-07:00",
    "UserRole": null,
    "MarkedAsAnswerDate": null
  },
  {
    "Id": "1231383",
    "ThreadId": "541495",
    "Html": "Nevermind, I just found the answer.\r<br />\n<br />\nI clicked &quot;Run with Filters&quot; and found the database name filter.\r<br />\n<br />\nA link to Filters under the Edit menu would be great.\r<br />\n<br />\nThanks<br />\n",
    "PostedDate": "2014-04-07T08:54:54.53-07:00",
    "UserRole": null,
    "MarkedAsAnswerDate": "2014-04-07T08:54:58.493-07:00"
  },
  {
    "Id": "1231422",
    "ThreadId": "541495",
    "Html": "menu-&gt;File-&gt;Start trace-&gt;Run with filers?<br />\n",
    "PostedDate": "2014-04-07T10:04:16.62-07:00",
    "UserRole": null,
    "MarkedAsAnswerDate": null
  },
  {
    "Id": "1294189",
    "ThreadId": "541495",
    "Html": "I'd like to suggest adding a screenshot of the &quot;Run with filters&quot; option (and the Trace properties dialog that follows)  to the Documentation. It's the only thing that's not self-explanatory, and a bit hidden.<br />\n",
    "PostedDate": "2014-08-28T01:44:53.433-07:00",
    "UserRole": null,
    "MarkedAsAnswerDate": null
  }
]