[
  {
    "Id": "1334430",
    "ThreadId": "575722",
    "Html": "Hi,\r<br />\nIs there a way to have the log record more than 50 000 records?\r<br />\nOr have some log history file?<br />\n",
    "PostedDate": "2014-12-18T02:27:54.237-08:00",
    "UserRole": null,
    "MarkedAsAnswerDate": null
  },
  {
    "Id": "1334461",
    "ThreadId": "575722",
    "Html": "Maximum event count can be set under Run-&gt;Run with filters-&gt;Filters-&gt;Maximum events count\r<br />\nDefault count is 5K<br />\n",
    "PostedDate": "2014-12-18T03:13:07.173-08:00",
    "UserRole": null,
    "MarkedAsAnswerDate": "2014-12-18T03:22:50.467-08:00"
  }
]