{
  "WorkItem": {
    "AffectedComponent": {
      "Name": "",
      "DisplayName": ""
    },
    "ClosedComment": "",
    "ClosedDate": "2016-02-15T05:39:50.513-08:00",
    "CommentCount": 0,
    "Custom": null,
    "Description": "The Find dialog should at least contain the option to search forwards/backwards, but match case and match whole word are pretty standard too for this sort of thing.",
    "LastUpdatedDate": "2016-02-15T05:39:50.513-08:00",
    "PlannedForRelease": "",
    "ReleaseVisibleToPublic": false,
    "Priority": {
      "Name": "Unassigned",
      "Severity": 0,
      "Id": 0
    },
    "ProjectName": "ExpressProfiler",
    "ReportedDate": "2014-06-11T05:37:06.197-07:00",
    "Status": {
      "Name": "Closed",
      "Id": 4
    },
    "ReasonClosed": {
      "Name": "Fixed"
    },
    "Summary": "Find dialog requires more options",
    "Type": {
      "Name": "Feature",
      "Id": 1
    },
    "VoteCount": 2,
    "Id": 2145
  },
  "FileAttachments": [],
  "Comments": [
    {
      "Message": "I've uploaded a patch for these which needs to be incorporated if accepted.",
      "PostedDate": "2014-08-16T04:16:47.633-07:00",
      "Id": -2147483648
    },
    {
      "Message": "",
      "PostedDate": "2016-02-15T05:39:50.513-08:00",
      "Id": -2147483648
    }
  ]
}