{
  "WorkItem": {
    "AffectedComponent": {
      "Name": "",
      "DisplayName": ""
    },
    "ClosedComment": "",
    "ClosedDate": "2014-07-31T14:45:49.05-07:00",
    "CommentCount": 0,
    "Custom": null,
    "Description": "Need to add a check for Server field. Then application could not connect to Server, its crashed. The application trying to connect to Server even if Server field is empty",
    "LastUpdatedDate": "2017-12-11T00:48:40.663-08:00",
    "PlannedForRelease": "",
    "ReleaseVisibleToPublic": false,
    "Priority": {
      "Name": "Unassigned",
      "Severity": 0,
      "Id": 0
    },
    "ProjectName": "ExpressProfiler",
    "ReportedDate": "2014-07-10T00:30:44.8-07:00",
    "Status": {
      "Name": "Closed",
      "Id": 4
    },
    "ReasonClosed": {
      "Name": "Unassigned"
    },
    "Summary": "Unhandled exception when Server is inaccessible",
    "Type": {
      "Name": "Issue",
      "Id": 3
    },
    "VoteCount": 1,
    "Id": 2258
  },
  "FileAttachments": [],
  "Comments": [
    {
      "Message": "Resolved with changeset 39246: [2146] List view requires start and end time columns\n[2226] Menus should have access keys\n[2258] Unhandled exception when Server is inaccessible",
      "PostedDate": "2014-07-31T14:45:49.05-07:00",
      "Id": -2147483648
    },
    {
      "Message": "",
      "PostedDate": "2017-12-11T00:48:40.663-08:00",
      "Id": -2147483648
    }
  ]
}