{
  "WorkItem": {
    "AffectedComponent": {
      "Name": "",
      "DisplayName": ""
    },
    "ClosedComment": "",
    "ClosedDate": null,
    "CommentCount": 0,
    "Custom": null,
    "Description": "Hi There\n\nFirst, thanks for at great tool !!!!\n\nI'm having some problems when transferring the SQL trace to Excel 2010. It seems when log grows to large, I get an Error when trying to paste into Excel 2010, see attachment (unfortunately in Danish). When looking into file Excel refers to in error messag, it says:\n\nXML-PARSEERROR: Missing endcode\n  Error occurs at or under this elementstack:\n     <ss:Workbook>\n\nRoughly translated from Danish\n\nAny ideas on how to solve this problem ?\n\nKind Regards\n\nKim Mortensen\nDenmark",
    "LastUpdatedDate": "2016-04-19T06:16:17.7-07:00",
    "PlannedForRelease": "",
    "ReleaseVisibleToPublic": false,
    "Priority": {
      "Name": "Unassigned",
      "Severity": 0,
      "Id": 0
    },
    "ProjectName": "ExpressProfiler",
    "ReportedDate": "2014-11-17T05:03:56.073-08:00",
    "Status": {
      "Name": "Proposed",
      "Id": 1
    },
    "ReasonClosed": {
      "Name": "Unassigned"
    },
    "Summary": "Problems with \"Copy all for Excel\"",
    "Type": {
      "Name": "Unassigned",
      "Id": 5
    },
    "VoteCount": 4,
    "Id": 2575
  },
  "FileAttachments": [
    {
      "FileId": 2209,
      "FileName": "SQL 2 Excel 2010.jpg",
      "DownloadUrl": ".\\2209"
    }
  ],
  "Comments": [
    {
      "Message": "I think patch 18181 should help",
      "PostedDate": "2016-04-19T06:16:17.7-07:00",
      "Id": -2147483648
    }
  ]
}