{
  "WorkItem": {
    "AffectedComponent": {
      "Name": "",
      "DisplayName": ""
    },
    "ClosedComment": "",
    "ClosedDate": "2013-11-27T05:13:51.307-08:00",
    "CommentCount": 0,
    "Custom": null,
    "Description": "my server is \".,4433\" ,that is not default port,so can not connect.",
    "LastUpdatedDate": "2013-11-27T05:13:51.307-08:00",
    "PlannedForRelease": "",
    "ReleaseVisibleToPublic": false,
    "Priority": {
      "Name": "Unassigned",
      "Severity": 0,
      "Id": 0
    },
    "ProjectName": "ExpressProfiler",
    "ReportedDate": "2013-08-15T21:17:02.047-07:00",
    "Status": {
      "Name": "Closed",
      "Id": 4
    },
    "ReasonClosed": {
      "Name": "Unassigned"
    },
    "Summary": "server can not connect",
    "Type": {
      "Name": "Unassigned",
      "Id": 5
    },
    "VoteCount": 2,
    "Id": 1707
  },
  "FileAttachments": [],
  "Comments": [
    {
      "Message": "I connected using server '<IP_ADDRESS>,53814'. All is ok. ",
      "PostedDate": "2013-09-05T08:18:45.73-07:00",
      "Id": -2147483648
    },
    {
      "Message": "",
      "PostedDate": "2013-09-12T01:58:25.66-07:00",
      "Id": -2147483648
    },
    {
      "Message": "my server is sqlserver2000,and can not connect.\nerror:\nSystem.Data.SqlClient.SqlException: Procedure or function has too many arguments specified sp_trace_create.\n   in System.Data.SqlClient.SqlConnection.OnError(SqlException exception, Boolean breakConnection)\n   in System.Data.SqlClient.TdsParser.ThrowExceptionAndWarning(TdsParserStateObject stateObj)\n   in System.Data.SqlClient.TdsParser.Run(RunBehavior runBehavior, SqlCommand cmdHandler, SqlDataReader dataStream, BulkCopySimpleResultSet bulkCopyHandler, TdsParserStateObject stateObj)\n   in System.Data.SqlClient.SqlCommand.FinishExecuteReader(SqlDataReader ds, RunBehavior runBehavior, String resetOptionsString)\n   in System.Data.SqlClient.SqlCommand.RunExecuteReaderTds(CommandBehavior cmdBehavior, RunBehavior runBehavior, Boolean returnStream, Boolean async)\n   in System.Data.SqlClient.SqlCommand.RunExecuteReader(CommandBehavior cmdBehavior, RunBehavior runBehavior, Boolean returnStream, String method, DbAsyncResult result)\n   in System.Data.SqlClient.SqlCommand.InternalExecuteNonQuery(DbAsyncResult result, String methodName, Boolean sendToPipe)\n   in System.Data.SqlClient.SqlCommand.ExecuteNonQuery()\n   in ExpressProfiler.RawTraceReader.CreateTrace()\n   in ExpressProfiler.MainForm.StartProfiling()\n   in System.Windows.Forms.ToolStripItem.RaiseEvent(Object key, EventArgs e)",
      "PostedDate": "2013-11-04T01:44:04.81-08:00",
      "Id": -2147483648
    },
    {
      "Message": "my server is '127.0.0.1,4433'",
      "PostedDate": "2013-11-04T01:45:01.04-08:00",
      "Id": -2147483648
    },
    {
      "Message": "Sql Server 2000 is not supported, sorry\nthe minimum version is 2005\n",
      "PostedDate": "2013-11-04T04:53:22.447-08:00",
      "Id": -2147483648
    },
    {
      "Message": "According to http://dba.stackexchange.com/questions/6899/when-specifying-a-local-instance-always-use-local-why\r\n\r\n>This is from memory and without reference so my recall may not be accurate.\nIIRC for 2005+ \"(local)\", \"localhost\" and \".\" are equivalent and will use the Shared Memory protocol. Prior to 2005, \"(local)\" and \".\" would use Shared Memory whereas localhost would not necessarily do so by default. Use of machine name or FQDN could result in a DNS lookup so is not recommended for a local machine connection.\r\n\r\n\nso, when you connecting to \".,4433\" you using Shared Memory - and port value have no sense.\nTry using machine name or ip adress instead on \".\"\n",
      "PostedDate": "2013-11-27T05:01:21.26-08:00",
      "Id": -2147483648
    },
    {
      "Message": "",
      "PostedDate": "2013-11-27T05:13:51.307-08:00",
      "Id": -2147483648
    }
  ]
}