{
  "WorkItem": {
    "AffectedComponent": {
      "Name": "",
      "DisplayName": ""
    },
    "ClosedComment": "",
    "ClosedDate": "2014-07-31T14:23:20.533-07:00",
    "CommentCount": 0,
    "Custom": null,
    "Description": "With SQL Profiler, if a trace is running and you exit the app it will prompt to confirm - it would be nice if Express Profiler did the same.",
    "LastUpdatedDate": "2017-12-11T00:47:34.47-08:00",
    "PlannedForRelease": "",
    "ReleaseVisibleToPublic": false,
    "Priority": {
      "Name": "Unassigned",
      "Severity": 0,
      "Id": 0
    },
    "ProjectName": "ExpressProfiler",
    "ReportedDate": "2014-06-11T05:27:20.657-07:00",
    "Status": {
      "Name": "Closed",
      "Id": 4
    },
    "ReasonClosed": {
      "Name": "Unassigned"
    },
    "Summary": "Should prompt to confirm exit if a trace is running",
    "Type": {
      "Name": "Feature",
      "Id": 1
    },
    "VoteCount": 2,
    "Id": 2144
  },
  "FileAttachments": [],
  "Comments": [
    {
      "Message": "Though, that's a confusing feature of sql profiler. I think, simple cleanup and exit would be better.",
      "PostedDate": "2014-06-18T04:57:35.007-07:00",
      "Id": -2147483648
    },
    {
      "Message": "I find it useful to have a confirmation when the operation will be destructive - in the past I've inadvertently hit close while a trace was running and would have lost what I was doing without the prompt to confirm.",
      "PostedDate": "2014-06-20T03:20:55.76-07:00",
      "Id": -2147483648
    },
    {
      "Message": "",
      "PostedDate": "2014-06-25T18:51:34.9-07:00",
      "Id": -2147483648
    },
    {
      "Message": "1. dunno, close is an explicit request to lose whatever you have\n2. if the trace is not running, but is analyzed, that qualifies as \"doing\" too",
      "PostedDate": "2014-07-31T05:31:29.217-07:00",
      "Id": -2147483648
    },
    {
      "Message": "",
      "PostedDate": "2014-07-31T14:22:31.73-07:00",
      "Id": -2147483648
    },
    {
      "Message": "Resolved with changeset 39245: [2144] Should prompt to confirm exit if a trace is running",
      "PostedDate": "2014-07-31T14:23:20.533-07:00",
      "Id": -2147483648
    },
    {
      "Message": "",
      "PostedDate": "2017-12-11T00:47:34.47-08:00",
      "Id": -2147483648
    }
  ]
}