{
  "WorkItem": {
    "AffectedComponent": {
      "Name": "",
      "DisplayName": ""
    },
    "ClosedComment": "",
    "ClosedDate": "2016-02-12T08:21:07.387-08:00",
    "CommentCount": 0,
    "Custom": null,
    "Description": "Current source code doesn't compile due to the fact that the filter.ico is missing from resources.",
    "LastUpdatedDate": "2016-02-12T08:21:07.387-08:00",
    "PlannedForRelease": "",
    "ReleaseVisibleToPublic": false,
    "Priority": {
      "Name": "Unassigned",
      "Severity": 0,
      "Id": 0
    },
    "ProjectName": "ExpressProfiler",
    "ReportedDate": "2016-02-09T07:47:28.63-08:00",
    "Status": {
      "Name": "Closed",
      "Id": 4
    },
    "ReasonClosed": {
      "Name": "Unassigned"
    },
    "Summary": "Missing filter.ico",
    "Type": {
      "Name": "Unassigned",
      "Id": 5
    },
    "VoteCount": 1,
    "Id": 2775
  },
  "FileAttachments": [],
  "Comments": [
    {
      "Message": "Resolved with changeset 43314: [2775] Missing filter.ico",
      "PostedDate": "2016-02-12T08:21:07.387-08:00",
      "Id": -2147483648
    }
  ]
}