{
  "WorkItem": {
    "AffectedComponent": {
      "Name": "",
      "DisplayName": ""
    },
    "ClosedComment": "",
    "ClosedDate": null,
    "CommentCount": 0,
    "Custom": null,
    "Description": "While running the profiler I had my connection drop out and it threw this unhandled exception - these sorts of errors should be handled more elegantly.\n\n************** Exception Text **************\nSystem.Data.SqlClient.SqlException: A transport-level error has occurred when receiving results from the server. (provider: TCP Provider, error: 0 - The network connection was aborted by the local system.)\n\n   at System.Data.SqlClient.SqlConnection.OnError(SqlException exception, Boolean breakConnection)\n   at System.Data.SqlClient.TdsParser.ThrowExceptionAndWarning(TdsParserStateObject stateObj)\n   at System.Data.SqlClient.TdsParserStateObject.ReadSniError(TdsParserStateObject stateObj, UInt32 error)\n   at System.Data.SqlClient.TdsParserStateObject.ReadSni(DbAsyncResult asyncResult, TdsParserStateObject stateObj)\n   at System.Data.SqlClient.TdsParserStateObject.ReadNetworkPacket()\n   at System.Data.SqlClient.TdsParserStateObject.ReadBuffer()\n   at System.Data.SqlClient.TdsParserStateObject.ReadByte()\n   at System.Data.SqlClient.TdsParserStateObject.PeekByte()\n   at System.Data.SqlClient.SqlDataReader.HasMoreRows()\n   at System.Data.SqlClient.SqlDataReader.ReadInternal(Boolean setTimeout)\n   at ExpressProfiler.RawTraceReader.Next()\n   at ExpressProfiler.MainForm.ProfilerThread(Object state)",
    "LastUpdatedDate": "2014-09-26T20:30:56.777-07:00",
    "PlannedForRelease": "",
    "ReleaseVisibleToPublic": false,
    "Priority": {
      "Name": "Unassigned",
      "Severity": 0,
      "Id": 0
    },
    "ProjectName": "ExpressProfiler",
    "ReportedDate": "2014-09-26T20:30:56.777-07:00",
    "Status": {
      "Name": "Proposed",
      "Id": 1
    },
    "ReasonClosed": {
      "Name": "Unassigned"
    },
    "Summary": "Unhandled exception thrown if the connection is lost",
    "Type": {
      "Name": "Unassigned",
      "Id": 5
    },
    "VoteCount": 1,
    "Id": 2472
  },
  "FileAttachments": [],
  "Comments": []
}