{
  "WorkItem": {
    "AffectedComponent": {
      "Name": "",
      "DisplayName": ""
    },
    "ClosedComment": "",
    "ClosedDate": "2016-02-13T13:18:55.66-08:00",
    "CommentCount": 0,
    "Custom": null,
    "Description": "When connecting to an SQL Server you start getting data for all the connected users. Adding HostName column in order to let the user filter on this would be a great idea.",
    "LastUpdatedDate": "2016-02-13T13:18:55.66-08:00",
    "PlannedForRelease": "",
    "ReleaseVisibleToPublic": false,
    "Priority": {
      "Name": "Unassigned",
      "Severity": 0,
      "Id": 0
    },
    "ProjectName": "ExpressProfiler",
    "ReportedDate": "2016-02-09T07:45:22.61-08:00",
    "Status": {
      "Name": "Closed",
      "Id": 4
    },
    "ReasonClosed": {
      "Name": "Unassigned"
    },
    "Summary": "Add filter for HostName",
    "Type": {
      "Name": "Unassigned",
      "Id": 5
    },
    "VoteCount": 1,
    "Id": 2774
  },
  "FileAttachments": [],
  "Comments": [
    {
      "Message": "Resolved with changeset 43316: [2774] Add filter for HostName",
      "PostedDate": "2016-02-13T13:18:55.66-08:00",
      "Id": -2147483648
    }
  ]
}