{
  "WorkItem": {
    "AffectedComponent": {
      "Name": "",
      "DisplayName": ""
    },
    "ClosedComment": "",
    "ClosedDate": "2013-11-26T06:06:16.487-08:00",
    "CommentCount": 0,
    "Custom": null,
    "Description": "1. In Trace Properties dialog set  Maximum events count = 5000 for example. \n2. Hit Save as Default and  then Run\n3. Close the Profiler\n4. In Trace Properties dialog  Maximum events count = 0 and I expect to be 5000 as I saved it before",
    "LastUpdatedDate": "2017-12-11T00:47:33.813-08:00",
    "PlannedForRelease": "",
    "ReleaseVisibleToPublic": false,
    "Priority": {
      "Name": "Unassigned",
      "Severity": 0,
      "Id": 0
    },
    "ProjectName": "ExpressProfiler",
    "ReportedDate": "2013-11-22T05:56:18-08:00",
    "Status": {
      "Name": "Closed",
      "Id": 4
    },
    "ReasonClosed": {
      "Name": "Unassigned"
    },
    "Summary": "Maximum events count not persisted",
    "Type": {
      "Name": "Issue",
      "Id": 3
    },
    "VoteCount": 1,
    "Id": 1826
  },
  "FileAttachments": [
    {
      "FileId": 712,
      "FileName": "Express Profiler v2.0_2013-11-22_08-45-36.png",
      "DownloadUrl": ".\\712"
    }
  ],
  "Comments": [
    {
      "Message": "Resolved with changeset 32364: [1768] Fix lexing hex literals\n[1826] Maximum events count not persisted\n[*] some refactoring\n[+] added check for selected events. now you should select at least 1 event before you start trace",
      "PostedDate": "2013-11-26T06:06:16.487-08:00",
      "Id": -2147483648
    },
    {
      "Message": "When can we download a version with this fix incorporated in ?",
      "PostedDate": "2013-11-26T07:13:02.123-08:00",
      "Id": -2147483648
    },
    {
      "Message": "as a workaround set maximum events to value other than 5000, eg - 5001\n",
      "PostedDate": "2013-11-27T02:43:06.61-08:00",
      "Id": -2147483648
    },
    {
      "Message": "",
      "PostedDate": "2017-12-11T00:47:33.813-08:00",
      "Id": -2147483648
    }
  ]
}