{
  "WorkItem": {
    "AffectedComponent": {
      "Name": "",
      "DisplayName": ""
    },
    "ClosedComment": "",
    "ClosedDate": null,
    "CommentCount": 0,
    "Custom": null,
    "Description": "Hello,\n\nHostname filter is not visible in filters. Login name is working fine but if there is common login name for one database and there are multiple users are work with same login name at that time HostName is very important that will gives you only those traces which are running on your pc.\n\nEx : Filter with HostName : ABC (Computer Name)\n\nThis filter will only gives traces value which are run on your computer only so it will be easier to find out  find the specific script and time",
    "LastUpdatedDate": "2016-11-21T03:59:50.037-08:00",
    "PlannedForRelease": "",
    "ReleaseVisibleToPublic": false,
    "Priority": {
      "Name": "Unassigned",
      "Severity": 0,
      "Id": 0
    },
    "ProjectName": "ExpressProfiler",
    "ReportedDate": "2016-11-21T03:59:50.037-08:00",
    "Status": {
      "Name": "Proposed",
      "Id": 1
    },
    "ReasonClosed": {
      "Name": "Unassigned"
    },
    "Summary": "HostName filter is not visible",
    "Type": {
      "Name": "Unassigned",
      "Id": 5
    },
    "VoteCount": 1,
    "Id": 2817
  },
  "FileAttachments": [],
  "Comments": []
}