{
  "WorkItem": {
    "AffectedComponent": {
      "Name": "",
      "DisplayName": ""
    },
    "ClosedComment": "",
    "ClosedDate": "2014-07-31T14:45:48.08-07:00",
    "CommentCount": 0,
    "Custom": null,
    "Description": "The menu bars should have access keys to allow easier keyboard navigation. e.g. \"File\" should be \"&File\", \"Exit\" should be \"E&xit\" etc.",
    "LastUpdatedDate": "2017-12-11T00:48:07.77-08:00",
    "PlannedForRelease": "",
    "ReleaseVisibleToPublic": false,
    "Priority": {
      "Name": "Unassigned",
      "Severity": 0,
      "Id": 0
    },
    "ProjectName": "ExpressProfiler",
    "ReportedDate": "2014-07-04T22:00:11.613-07:00",
    "Status": {
      "Name": "Closed",
      "Id": 4
    },
    "ReasonClosed": {
      "Name": "Unassigned"
    },
    "Summary": "Menus should have access keys",
    "Type": {
      "Name": "Feature",
      "Id": 1
    },
    "VoteCount": 1,
    "Id": 2226
  },
  "FileAttachments": [],
  "Comments": [
    {
      "Message": "Resolved with changeset 39246: [2146] List view requires start and end time columns\n[2226] Menus should have access keys\n[2258] Unhandled exception when Server is inaccessible",
      "PostedDate": "2014-07-31T14:45:48.08-07:00",
      "Id": -2147483648
    },
    {
      "Message": "",
      "PostedDate": "2017-12-11T00:48:07.77-08:00",
      "Id": -2147483648
    }
  ]
}