{
  "WorkItem": {
    "AffectedComponent": {
      "Name": "",
      "DisplayName": ""
    },
    "ClosedComment": "",
    "ClosedDate": null,
    "CommentCount": 0,
    "Custom": null,
    "Description": "First of all thank you for awesome profiler. Its simple and easy. I use it every day. \nThis is more of a feature request than a bug.\nI've managed to install this in ubuntu 15.10 using wine and it opens the app without issue. But when trying to `run` or `run with filters` I get this error\n`The incoming tabular data stream (TDS) remote procedure call (RPC) protocol stream is incrroect. Parameter 1 (\"@traceid\"): Data type 0x26 has an invalid data length or metadata length.`",
    "LastUpdatedDate": "2016-02-12T07:03:33.34-08:00",
    "PlannedForRelease": "",
    "ReleaseVisibleToPublic": false,
    "Priority": {
      "Name": "Unassigned",
      "Severity": 0,
      "Id": 0
    },
    "ProjectName": "ExpressProfiler",
    "ReportedDate": "2016-02-12T07:02:35.397-08:00",
    "Status": {
      "Name": "Proposed",
      "Id": 1
    },
    "ReasonClosed": {
      "Name": "Unassigned"
    },
    "Summary": "Support Linux (wine)",
    "Type": {
      "Name": "Unassigned",
      "Id": 5
    },
    "VoteCount": 1,
    "Id": 2777
  },
  "FileAttachments": [],
  "Comments": []
}