{
  "WorkItem": {
    "AffectedComponent": {
      "Name": "",
      "DisplayName": ""
    },
    "ClosedComment": "",
    "ClosedDate": "2013-11-26T06:06:10.04-08:00",
    "CommentCount": 0,
    "Custom": null,
    "Description": "In YukonLexer.NumberProc forgot to advance on one character when testing for hex number:\nShould be\n            if (GetChar(m_Run) == '0' && (GetChar(m_Run+1) == 'X' || GetChar(m_Run+1) == 'x'))\n            {",
    "LastUpdatedDate": "2017-12-11T00:47:33.69-08:00",
    "PlannedForRelease": "",
    "ReleaseVisibleToPublic": false,
    "Priority": {
      "Name": "Unassigned",
      "Severity": 0,
      "Id": 0
    },
    "ProjectName": "ExpressProfiler",
    "ReportedDate": "2013-09-11T02:08:43.833-07:00",
    "Status": {
      "Name": "Closed",
      "Id": 4
    },
    "ReasonClosed": {
      "Name": "Unassigned"
    },
    "Summary": "Fix lexing hex literals",
    "Type": {
      "Name": "Issue",
      "Id": 3
    },
    "VoteCount": 1,
    "Id": 1768
  },
  "FileAttachments": [],
  "Comments": [
    {
      "Message": "Resolved with changeset 32364: [1768] Fix lexing hex literals\n[1826] Maximum events count not persisted\n[*] some refactoring\n[+] added check for selected events. now you should select at least 1 event before you start trace",
      "PostedDate": "2013-11-26T06:06:10.04-08:00",
      "Id": -2147483648
    },
    {
      "Message": "",
      "PostedDate": "2017-12-11T00:47:33.69-08:00",
      "Id": -2147483648
    }
  ]
}