{
  "WorkItem": {
    "AffectedComponent": {
      "Name": "",
      "DisplayName": ""
    },
    "ClosedComment": "",
    "ClosedDate": "2013-07-29T02:18:01.79-07:00",
    "CommentCount": 0,
    "Custom": null,
    "Description": "CSV would be a great place to start, thanks!",
    "LastUpdatedDate": "2013-07-29T02:18:01.79-07:00",
    "PlannedForRelease": "ExpressProfiler v1.4",
    "ReleaseVisibleToPublic": true,
    "Priority": {
      "Name": "Unassigned",
      "Severity": 0,
      "Id": 0
    },
    "ProjectName": "ExpressProfiler",
    "ReportedDate": "2013-03-10T11:43:48.21-07:00",
    "Status": {
      "Name": "Closed",
      "Id": 4
    },
    "ReasonClosed": {
      "Name": "Fixed"
    },
    "Summary": "Export feature",
    "Type": {
      "Name": "Feature",
      "Id": 1
    },
    "VoteCount": 1,
    "Id": 1526
  },
  "FileAttachments": [],
  "Comments": []
}