{
  "WorkItem": {
    "AffectedComponent": {
      "Name": "",
      "DisplayName": ""
    },
    "ClosedComment": "",
    "ClosedDate": "2014-07-31T15:10:14.007-07:00",
    "CommentCount": 0,
    "Custom": null,
    "Description": "When pasting in Excel after copying for Excel in ExpressProfiler, error about the format of the clipboard data turns up.\n Issue in log file:\n\n```\nXML PARSE ERROR:  Missing end-tag\n  Error occurs at or below this element stack:\n    <ss:Workbook>\n\n```\nAdditional information, trying to copy about 1300 lines.",
    "LastUpdatedDate": "2017-12-11T00:47:34.327-08:00",
    "PlannedForRelease": "",
    "ReleaseVisibleToPublic": false,
    "Priority": {
      "Name": "Unassigned",
      "Severity": 0,
      "Id": 0
    },
    "ProjectName": "ExpressProfiler",
    "ReportedDate": "2014-06-09T09:29:29.247-07:00",
    "Status": {
      "Name": "Closed",
      "Id": 4
    },
    "ReasonClosed": {
      "Name": "Unassigned"
    },
    "Summary": "Copy for Excel not working",
    "Type": {
      "Name": "Issue",
      "Id": 3
    },
    "VoteCount": 1,
    "Id": 2135
  },
  "FileAttachments": [],
  "Comments": [
    {
      "Message": "Resolved with changeset 39248: [2135] Copy for Excel not working",
      "PostedDate": "2014-07-31T15:10:14.007-07:00",
      "Id": -2147483648
    },
    {
      "Message": "",
      "PostedDate": "2017-12-11T00:47:34.327-08:00",
      "Id": -2147483648
    }
  ]
}