[
  {
    "Title": "Home",
    "Id": "1908105",
    "ParentWikiTitle": "Home",
    "FileExtension": "codeplexwiki",
    "UpdatedDate": "2017-07-04T14:07:38.503-07:00",
    "FileAttachments": [
      {
        "Id": "6c192add-5cce-4bcf-8ca4-89e38fde0337",
        "FileName": "Filter1.png",
        "DownloadUri": "./1908105/6c192add-5cce-4bcf-8ca4-89e38fde0337"
      },
      {
        "Id": "6ba0d987-b9ba-4ea9-a0bb-5e2325dcb72d",
        "FileName": "Filter2.png",
        "DownloadUri": "./1908105/6ba0d987-b9ba-4ea9-a0bb-5e2325dcb72d"
      }
    ]
  },
  {
    "Title": "Documentation",
    "Id": "1825607",
    "ParentWikiTitle": "Documentation",
    "FileExtension": "html",
    "UpdatedDate": "2015-07-21T10:32:21.91-07:00",
    "FileAttachments": []
  }
]
